Product Name,CAS Number,Material Packaging,Size,Hazards,Concerns
2-ethylhexyl chloroformate,24468131,Drum,50 L,Yes,False
Diethyl ethylphosphonate,78386,Bottle,10 g,Yes,False
Triethanolamine,102716,Bottle,4 L,Yes,False
PFIB,382218,Dewar,20 L,Yes,False
Phosphorus Trichloride,7719122,Cylinder,10 L,Yes,False
Dichlorosulfane,10545990,Tank,10 kg,Yes,False
Trichloronitromethane,76062,Bottle,25 L,Yes,False
Acetaldehyde,75070,Bottle,3 L,Yes,False
3-Quinuclidinol,1619347,Bottle,25 g,Yes,False
Chlorine,7782505,Cylinder,1000 L,Yes,False
Arsine,7784421,Cylinder,35 L,Yes,False
Boron trichloride,10294345,Cylinder,2 L,Yes,False
Sodium Cyanide,143339,Tote,1000 kg,Yes,False
Paraldehyde,123637,Tank,250 L,No,False
MEK,78933,Tank,250 L,Yes,False
